titulo,autor,anio,estante_numero,estante_seccion,piso,edificio,sede
Unrest,Jasen Peploe,1995,58,Marketing,27,TH,Phanat Nikhom
I Could Go on Singing,Parry Bythell,1997,11,Business Development,8,CN,Qiujima
I'm Reed Fish,Perry Brassington,2005,94,Support,52,PL,Kuczbork-Osada
"Company, The",Albina Scamadine,1996,14,Product Management,79,ID,Margasari
"Crow, The: Wicked Prayer",Corinne O' Mulderrig,1995,13,Legal,56,CN,Yoiqag
"Deluge, The (Potop)",Freemon Probet,1985,5,Legal,45,AF,Ghazni
24 City (Er shi si cheng ji),Andi Gerger,2008,100,Human Resources,13,DO,Santa Cruz de El Seibo